{
  "test/integration/FirstJourney.js.map": 1770106442972,
  "manifest.json": 1770106419855,
  "test/integration/pages/RisksList.js": 1770025660206,
  "test/integration/pages/JourneyRunner.js": 1770025660314,
  "test/integration/opaTests.qunit.js": 1770025659998,
  "test/integration/FirstJourney.js": 1770025660262,
  "test/testsuite.qunit.js": 1770025658990,
  "xs-app.json": 1770106419859,
  "test/integration/pages/RisksObjectPage.js": 1770025660206,
  "Component.js": 1770025658150,
  "test/integration/pages/RisksObjectPage-dbg.js": 1770025660206,
  "test/integration/pages/RisksObjectPage.js.map": 1770106442969,
  "test/integration/pages/JourneyRunner-dbg.js": 1770025660314,
  "test/integration/pages/JourneyRunner.js.map": 1770106442970,
  "test/integration/opaTests.qunit-dbg.js": 1770025659998,
  "test/integration/opaTests.qunit.js.map": 1770106442967,
  "test/integration/FirstJourney-dbg.js": 1770025660262,
  "i18n/i18n.properties": 1770025658370,
  "test/testsuite.qunit-dbg.js": 1770025658990,
  "test/testsuite.qunit.js.map": 1770106442973,
  "test/integration/pages/RisksList-dbg.js": 1770025660206,
  "test/integration/pages/RisksList.js.map": 1770106442973,
  "Component-dbg.js": 1770025658150,
  "Component.js.map": 1770106442973,
  "Component-preload.js": 1770106443495,
  "Component-preload.js.map": 1770106443495,
  "test/integration/opaTests.qunit.html": 1770025659998,
  "test/testsuite.qunit.html": 1770025658898,
  "test/flpSandbox.html": 1770025658898,
  "index.html": 1770025658218
}